Sephora,Hair,Hair Tools,Hair Dryers,
Sephora,Skincare,High Tech Tools,Facial Cleansing Brushes,
Sephora,Hair,Value & Gift Sets,,
Sephora,Tools & Brushes,Value & Gift Sets,,
Sephora,Fragrance,Women,Perfume,
Sephora,Skincare,Wellness,Holistic Wellness,
Sephora,Men,Value & Gift Sets,,
Sephora,Fragrance,Value & Gift Sets,Cologne Gift Sets,
Sephora,Fragrance,Candles & Home Scents,,
Sephora,Men,Value & Gift Sets,Skincare Sets,
Sephora,Bath & Body,Value & Gift Sets,,
Sephora,Fragrance,Mini Size,,
Sephora,Bath & Body,Candles & Home Scents,,
Sephora,Mini Size,Hair,,
Sephora,Hair,Best For,Color Care,
Sephora,Hair,Hair Styling & Treatments,Hair Oil,
